{
    "MAE": 0.1502559632062912,
    "MSE": 0.03896375745534897,
    "RMSE": 0.19739239462387848,
    "R2": 0.5282123684883118
}