{
    "val_r2": 0.5282123684883118,
    "test_r2": 0.507701575756073,
    "best_mse": 0.003748035088324624,
    "best_rmse": 0.061221198030785254
}