{
    "MAE": 0.15590444207191467,
    "MSE": 0.04209255054593086,
    "RMSE": 0.2051646912749142,
    "R2": 0.507701575756073
}