{
"train_loss": [0.08254154771566391, 0.0547264963388443, 0.0485905259847641, 0.04555476829409599, 0.04395585507154465, 0.04254705458879471, 0.041701946407556534, 0.041022997349500656, 0.04046772047877312, 0.03987729176878929, 0.039508454501628876, 0.03903747349977493, 0.03866187855601311, 0.038075920194387436, 0.03770814090967178, 0.03729924559593201, 0.03701656684279442, 0.036578692495822906, 0.03601755574345589, 0.035594530403614044, 0.0342375785112381, 0.03334520012140274, 0.032811637967824936, 0.03216032311320305, 0.031737226992845535, 0.03121314011514187, 0.030699538066983223, 0.029930151998996735, 0.02982611395418644, 0.02905554696917534, 0.02844030223786831, 0.0279462281614542, 0.027607833966612816, 0.027207503095269203, 0.02667868509888649, 0.02602100744843483, 0.02577909640967846, 0.025070620700716972, 0.02496231347322464, 0.024179894477128983, 0.022512486204504967, 0.021850336343050003, 0.021375296637415886, 0.020921221002936363, 0.020691493526101112, 0.020192479714751244, 0.019977305084466934, 0.019577203318476677, 0.019146107137203217, 0.018822215497493744, 0.018351135775446892, 0.018270935863256454, 0.01787610538303852, 0.017697012051939964, 0.017456427216529846, 0.017031211405992508, 0.016735833138227463, 0.01670246757566929, 0.016278760507702827, 0.01608428731560707, 0.015108544379472733, 0.014561367221176624, 0.014323773793876171, 0.013998959213495255, 0.013554215431213379, 0.013656019233167171, 0.013455525040626526, 0.013343458995223045, 0.013005966320633888, 0.01291481964290142, 0.012696254067122936, 0.012591354548931122, 0.012486591935157776, 0.012285130098462105, 0.012121904641389847, 0.011778168380260468, 0.011700757779181004, 0.01156792975962162, 0.011608056724071503, 0.011403221637010574, 0.010769006796181202, 0.010500107891857624, 0.010226335376501083, 0.010098651982843876, 0.010016451589763165, 0.009876897558569908, 0.009862239472568035, 0.009600997902452946, 0.009715578518807888, 0.009513884782791138, 0.00933774746954441, 0.00930669717490673, 0.009331186302006245, 0.009199988096952438, 0.009028445929288864, 0.00879991427063942, 0.008899646811187267, 0.008970879018306732, 0.008752025663852692, 0.0086128581315279],
"val_loss": [0.061376068741083145, 0.05540782958269119, 0.04727320745587349, 0.043991297483444214, 0.04332398250699043, 0.04309011995792389, 0.040534235537052155, 0.04014503210783005, 0.03987758979201317, 0.03999370336532593, 0.04036508873105049, 0.039644572883844376, 0.039919231086969376, 0.03946790099143982, 0.039118994027376175, 0.03895677626132965, 0.03934321179986, 0.04031478986144066, 0.039523910731077194, 0.03963024541735649, 0.039197150617837906, 0.0393846221268177, 0.04011046141386032, 0.0403059720993042, 0.04085647687315941, 0.04117022082209587, 0.039993077516555786, 0.04271165281534195, 0.04315584525465965, 0.042312052100896835, 0.04211575537919998, 0.04293806105852127, 0.04458947107195854, 0.04436732828617096, 0.04227582737803459, 0.044491395354270935, 0.04376675933599472, 0.045324232429265976, 0.044931329786777496, 0.04357815161347389, 0.04349758103489876, 0.04421820864081383, 0.046265777200460434, 0.044623393565416336, 0.04401012882590294, 0.04392407834529877, 0.04557996243238449, 0.04397089406847954, 0.04445086792111397, 0.04626297578215599, 0.04709306359291077, 0.04491446167230606, 0.04578245058655739, 0.04623035341501236, 0.045353956520557404, 0.04627092555165291, 0.044123824685811996, 0.04571523889899254, 0.04547108709812164, 0.046395912766456604, 0.044445183128118515, 0.04654311388731003, 0.044047459959983826, 0.044460710138082504, 0.04507198557257652, 0.04493168741464615, 0.043496206402778625, 0.04487324506044388, 0.04640761390328407, 0.044483501464128494, 0.04477860778570175, 0.04434869810938835, 0.04412451386451721, 0.043260619044303894, 0.04364531859755516, 0.043778516352176666, 0.04446243867278099, 0.04343196377158165, 0.04566730558872223, 0.04456264525651932, 0.044003088027238846, 0.04338652640581131, 0.04429485276341438, 0.04343769699335098, 0.041949667036533356, 0.042456772178411484, 0.0419471375644207, 0.04292278736829758, 0.04179016873240471, 0.04256942495703697, 0.04291708394885063, 0.042313799262046814, 0.04312989115715027, 0.04263675585389137, 0.041838183999061584, 0.04266327619552612, 0.04227538779377937, 0.042459964752197266, 0.04189559072256088, 0.04235849156975746],
"epochs": [1, 2, 3, 4, 5, 6, 7, 8, 9, 10, 11, 12, 13, 14, 15, 16, 17, 18, 19, 20, 21, 22, 23, 24, 25, 26, 27, 28, 29, 30, 31, 32, 33, 34, 35, 36, 37, 38, 39, 40, 41, 42, 43, 44, 45, 46, 47, 48, 49, 50, 51, 52, 53, 54, 55, 56, 57, 58, 59, 60, 61, 62, 63, 64, 65, 66, 67, 68, 69, 70, 71, 72, 73, 74, 75, 76, 77, 78, 79, 80, 81, 82, 83, 84, 85, 86, 87, 88, 89, 90, 91, 92, 93, 94, 95, 96, 97, 98, 99, 100]
}