{
    "MAE": 0.15655241906642914,
    "MSE": 0.0423622690141201,
    "RMSE": 0.20582096349526718,
    "R2": 0.5045876502990723
}