{
    "MAE": 0.15059621632099152,
    "MSE": 0.038937900215387344,
    "RMSE": 0.19732688670170456,
    "R2": 0.5285424590110779
}