{
    "val_r2": 0.5285424590110779,
    "test_r2": 0.5045876502990723,
    "best_mse": 0.002955337931348032,
    "best_rmse": 0.05436301988804551
}