{"train_loss": [0.14551630089530804, 0.09226257172167422, 0.08569386697478885, 0.08351783624299486, 0.08185605541960474, 0.08081152387270868, 0.07975146390059118, 0.078567670888856, 0.07788058484341137, 0.07679380235641549, 0.07579149764298344, 0.0752408258819824, 0.07449058342866186, 0.0738805370173431, 0.07311474892949743, 0.07255013474529164, 0.07207489155071595, 0.07139593132813139, 0.0710278939763248, 0.0704373927826014, 0.06972487077384139, 0.06972569558600591, 0.0687760206774956, 0.06870964503656765, 0.06829754705698367, 0.06850021553486686, 0.06832033259912579, 0.06788405372114684, 0.06815476354251897, 0.06775844369287803, 0.06752567071686921, 0.06753960363277019, 0.06712073808742614, 0.06746598441186531, 0.06699840321819296, 0.06707101771973467, 0.0665767732648499, 0.06663329663518841, 0.06673350594610138, 0.06660828805441624, 0.06617812332678309, 0.06601037761115838, 0.06618686582507498, 0.0658278031166295, 0.06579480934270604, 0.06572567250173796, 0.06575983182712382, 0.06544737547953615, 0.06563460645587241, 0.06583740403850503, 0.06518530141100973, 0.06530941161547607, 0.0650800918569191, 0.065143829662131, 0.06486323008727136, 0.06517412178772873, 0.06471058737905003, 0.06482608793290769, 0.06491270064753109, 0.06473634086350163, 0.06464630377785138, 0.06453174374889234], "val_loss": [0.10241790925328796, 0.08925880347756115, 0.08430022546971166, 0.08502085120291324, 0.08098032160385235, 0.08039510709208411, 0.07859855609367022, 0.0807831296042816, 0.08013713167527238, 0.07802057281337879, 0.07967830572176623, 0.08081594958297304, 0.07762024995644351, 0.08874618758422298, 0.07363096977005133, 0.0763932034675334, 0.07432227465953375, 0.07926511499728706, 0.10351393762472513, 0.08543681920178839, 0.07886353773442474, 0.08661234118044377, 0.085644066112267, 0.10662020343179639, 0.07507480141278859, 0.08331470939557295, 0.07522519879244469, 0.08314564309611513, 0.07919675718892265, 0.07755397288380443, 0.11116297533987342, 0.09290824922154078, 0.0921359924247136, 0.19882960163459584, 0.10358625902114688, 0.09568575669986171, 0.09358632116503007, 0.08168203545784627, 0.08714627335603173, 0.08452216307255062, 0.09661050051249362, 0.10848208718203209, 0.09735807134090244, 0.10810357243628116, 0.10958219681035827, 0.1117416248530955, 0.09156255643512752, 0.1215391242423573, 0.09115360101332536, 0.09873851309152874, 0.10750919831161564, 0.09703350816224073, 0.13036019318812603, 0.0870634810747327, 0.09506567016848036, 0.0982320701955138, 0.10818001209078608, 0.15614392706067176, 0.19880459401253106, 0.10196202165774397, 0.1387343123857234, 0.09982154441846383], "epochs": [0, 1, 2, 3, 4, 5, 6, 7, 8, 9, 10, 11, 12, 13, 14, 15, 16, 17, 18, 19, 20, 21, 22, 23, 24, 25, 26, 27, 28, 29, 30, 31, 32, 33, 34, 35, 36, 37, 38, 39, 40, 41, 42, 43, 44, 45, 46, 47, 48, 49, 50, 51, 52, 53, 54, 55, 56, 57, 58, 59, 60, 61]}