{
    "radius": 1.1812541484832764,
    "height": 1.933544635772705,
    "twist_amp": 1.282038927078247,
    "twist_freq": 3.0453174114227295,
    "wave_amp": 0.26221203804016113,
    "wave_freq": 2.9618139266967773,
    "best_mse": 0.005115305308943842,
    "best_rmse": 0.07152136260547504,
    "camera_angles": {
        "x_angle": 53.35318542303855,
        "y_angle": 61.42326985481717,
        "z_angle": 209.5472146462092
    },
    "image_file": "3DfORMULA_100_vers4.png"
}