{
    "radius": 0.9622280597686768,
    "height": 2.1302874088287354,
    "twist_amp": 1.2663323879241943,
    "twist_freq": 3.069127321243286,
    "wave_amp": 0.316364586353302,
    "wave_freq": 2.0491747856140137,
    "worst_mse": 1.1261155476360576,
    "worst_rmse": 1.0611859156792731,
    "camera_angles": {
        "x_angle": 46.32096515134933,
        "y_angle": 255.3189835147652,
        "z_angle": 89.87969838091503
    },
    "image_file": "3DfORMULA_62_vers4.png"
}