{"train_loss": [0.1306556260341801, 0.0910035783666941, 0.08270391043280635, 0.07954837009625784, 0.07590366792342094, 0.07124930600533627, 0.06840978983943433, 0.066068962271198, 0.06371441221240207, 0.06137584395774707, 0.05945583774376766, 0.05803470517709065, 0.056957105196084885, 0.05584771408294913, 0.055120386001786294, 0.054378988122988456, 0.05418497295949371, 0.05393216587320797, 0.053474838672147834, 0.05306938662431902, 0.05232635622337481, 0.05211686500863592, 0.05190552630321865, 0.051968798717466236, 0.051691760732483556, 0.051500495896247465, 0.05133205259417931, 0.05122252020301834, 0.05126883127916912, 0.051020816505693796, 0.05098497071864237, 0.050966361383825584, 0.05073525037689586, 0.0508656977639308, 0.050525292345853234, 0.05057572445634334, 0.050625072565958086, 0.0504647033217871, 0.050543373407788465, 0.05025399448879376, 0.05013870961613782, 0.04972551064313729, 0.04975018009331698, 0.049814726100007076, 0.04959000839381725, 0.04954399367421362, 0.04960622752012234, 0.049473444975947856, 0.04954104842895362, 0.04963112362321461, 0.04952255227724002, 0.049416103188568504, 0.04938510273575672, 0.04928403980784239, 0.04921710772625094, 0.04941973582014734, 0.0493935454814507, 0.049279274086874984, 0.04916881667626505, 0.04906964258962539, 0.049214143395494465, 0.04901923391689497, 0.04899375701035815, 0.04878891474619024, 0.049009051960949686, 0.048905593567403066, 0.04894565759858063, 0.04880821195220592, 0.04874979770151301, 0.04870122591920792, 0.04876519904468153, 0.048833456893888814, 0.04870245820957366, 0.048691353728208334, 0.04863403181587025, 0.04880625307081073, 0.04864518631549605, 0.0485121751530537, 0.04871094722429313, 0.04861458255348573, 0.0484181538977848, 0.04835905671228071, 0.04831009378079552, 0.048321295779132876, 0.04830776343748468, 0.04834756891763642, 0.048251789772104224, 0.04822664984145248, 0.04826572699742001, 0.048286675096833535, 0.04839092015234579, 0.048354908762845, 0.04811548269750785, 0.04820828201912132, 0.04833904958011252, 0.04832102710517257, 0.04831348625433925, 0.04824296161639523, 0.04798896746150393, 0.048167310863687925], "val_loss": [0.07834835974751292, 0.07730310677072487, 0.0733701138580973, 0.07262000876504021, 0.06804172707771933, 0.06342634225415217, 0.06033492138659632, 0.05719839238838569, 0.05503854633787194, 0.05239665412117501, 0.051035280248804674, 0.050367579211455744, 0.048528947862418924, 0.04780917203406224, 0.04772158934155832, 0.0473708347039851, 0.04634400123881327, 0.04675314660007889, 0.04602237039723912, 0.0460206270318579, 0.04543864201452281, 0.04458701358352964, 0.04504023489315768, 0.04485327293341224, 0.04472534228116274, 0.04472664972716892, 0.0443154420804333, 0.04484128529658994, 0.045440539033026306, 0.04424334630068089, 0.044971270889446545, 0.04453127141538504, 0.04454188317161154, 0.043863981045983935, 0.04438565155944309, 0.043494891370269094, 0.04385845081226246, 0.04407191770906384, 0.043434013969994884, 0.04371349299578248, 0.04373122364081241, 0.043730562255793325, 0.043479215036574245, 0.043622628664849575, 0.043154441932770043, 0.04279218537581934, 0.043536092733611934, 0.04322740969222945, 0.04345851633697748, 0.04321677634945592, 0.04303825652679882, 0.042834765544614274, 0.04273686425105946, 0.04314042036295743, 0.04302888909304464, 0.043288616166525594, 0.042956114590570735, 0.043038082585946935, 0.042962259280721886, 0.042753116882129294, 0.04276148364753336, 0.04308713829597911, 0.04255386956438825, 0.04299446886556374, 0.04260935529663756, 0.04285196135877758, 0.04286030566672216, 0.04273051724240587, 0.0421672929179024, 0.042411548709748566, 0.04280370687814178, 0.042694958027552916, 0.04217366358214939, 0.04238668516580318, 0.04224499616067152, 0.04247143326981648, 0.04263066844259565, 0.04230054772987559, 0.04245347638891355, 0.04249150863269696, 0.04225581705167487, 0.042190897832247054, 0.04221864136288295, 0.04225988548651741, 0.04235638983648371, 0.04185815467625051, 0.042214573532141544, 0.042004108197382976, 0.04205628896283137, 0.04261540803756263, 0.041824233995096105, 0.04227622149361147, 0.04223989086175287, 0.04229692743738761, 0.042196102022520596, 0.04189949422269254, 0.042376365648532234, 0.04215350204927696, 0.042163048855759, 0.042111945761418024], "epochs": [0, 1, 2, 3, 4, 5, 6, 7, 8, 9, 10, 11, 12, 13, 14, 15, 16, 17, 18, 19, 20, 21, 22, 23, 24, 25, 26, 27, 28, 29, 30, 31, 32, 33, 34, 35, 36, 37, 38, 39, 40, 41, 42, 43, 44, 45, 46, 47, 48, 49, 50, 51, 52, 53, 54, 55, 56, 57, 58, 59, 60, 61, 62, 63, 64, 65, 66, 67, 68, 69, 70, 71, 72, 73, 74, 75, 76, 77, 78, 79, 80, 81, 82, 83, 84, 85, 86, 87, 88, 89, 90, 91, 92, 93, 94, 95, 96, 97, 98, 99]}