{
    "val_r2": 0.4933643639087677,
    "test_r2": 0.49287354946136475,
    "best_mse": 0.005115305308943842,
    "best_rmse": 0.07152136260547504
}