{
    "MAE": 0.16312265396118164,
    "MSE": 0.04340579733252525,
    "RMSE": 0.20834058013868842,
    "R2": 0.49287354946136475
}