{
    "MAE": 0.15998728573322296,
    "MSE": 0.04184228554368019,
    "RMSE": 0.2045538695397381,
    "R2": 0.4933643639087677
}