{"train_loss": [0.16408702637748201, 0.08307977342985681, 0.07857834153930897, 0.07415941251625832, 0.06897801820047614, 0.06371524812482267, 0.05940094936818026, 0.05704638148886082, 0.05571424799967502, 0.054596756915757196, 0.0535779923984481, 0.052832152463838516, 0.05238242517635024, 0.05190160209930556, 0.05133598307601311, 0.05109052674048385, 0.05064512744069563, 0.05030500207881472, 0.05014811448641979, 0.04993387756186143, 0.049085392095261984, 0.04891248831130988, 0.04881899826246262, 0.04875408763353271, 0.04851336006443136, 0.04845941919488114, 0.04827398887466191, 0.048134716210007186, 0.048085498953104544, 0.04783474996084844, 0.04765917274014613, 0.04769610523130286, 0.04757166753998165, 0.04748996444952615, 0.047345787040695184, 0.04744365377350381, 0.0471905785056993, 0.047012183377935134, 0.04695592025270955, 0.046967862229050715, 0.04654885620491249, 0.046545360011145655, 0.046339678941975083, 0.046252668823880495, 0.04626331720828849, 0.046289994019992314, 0.04617646241186285, 0.04614314710102592, 0.04598511402376742, 0.04604969808330232, 0.04603985978066115, 0.045992797441309234, 0.045783297571508626, 0.04584154669612556, 0.045683516657637764, 0.045740370891978195, 0.04567686192179666, 0.04557195196718391, 0.045665971985205264, 0.045512662569428916, 0.0452286203335769, 0.045209882579585074, 0.045204999305922866, 0.04511518361417423, 0.04505642846255678, 0.04496544651329235, 0.045133353475952605, 0.0449265269735886, 0.044899279157491215, 0.04487998005007778, 0.04479569545757978, 0.044848551098774, 0.04478660337526114, 0.04467943615339323, 0.04467080772321303, 0.04479224197075013, 0.04466917295908714, 0.044735894061773716, 0.044604743458141596, 0.04457579455615673, 0.04423239431060417, 0.04429171226303697, 0.04428899625041528, 0.044219202039692755, 0.04414932844663828, 0.044112789838452585, 0.04415721348827108, 0.0440356767974562, 0.0441581522885216, 0.04402500294566064, 0.04406978732198023, 0.04398365002358647, 0.04401842076035219, 0.04398770358461347, 0.04381581537957342, 0.04396920755388359, 0.0438220440274601, 0.04380690219499554, 0.04371897764100677, 0.04380449191893984], "val_loss": [0.08264013599302318, 0.08030019154822504, 0.07303827090843304, 0.06745460862042131, 0.06021974453249493, 0.05357094563141063, 0.0515341624315526, 0.0506798127817141, 0.04860915989187118, 0.04756680496943158, 0.048167965636664145, 0.047337474583371265, 0.04838031672344015, 0.0461271300156777, 0.0454426582248227, 0.04537405940527851, 0.045009193252268674, 0.045801746714356786, 0.04529021124078615, 0.04466739295906312, 0.044113902606674145, 0.04399356159406739, 0.043752977710116554, 0.04418130442500114, 0.043778598202845534, 0.04377571617227954, 0.04360733223525254, 0.043440117405073066, 0.04417324887739645, 0.04327498530415264, 0.04308964969539965, 0.043254398534426815, 0.043247961479465705, 0.04334401677085741, 0.04330969515785172, 0.04315840127701695, 0.04315187554001003, 0.042710388592771584, 0.043057048295599386, 0.04287556836733947, 0.042419515107129074, 0.04238232219642078, 0.04275711934409431, 0.04231891342614954, 0.0422291049733758, 0.042422933463711995, 0.042093732041885726, 0.04214270651038434, 0.042135390100648276, 0.042043620695334835, 0.04278554190957063, 0.04192227333079319, 0.04205462866135546, 0.04222253702983663, 0.04208615157451179, 0.04225891541588951, 0.04200435293385306, 0.041954290831612576, 0.041924606621064044, 0.04182470934213819, 0.04169169798292018, 0.041396323742496, 0.041790238571529456, 0.041542971043570624, 0.04155108631664031, 0.04136870001518243, 0.04143208336789866, 0.04142200375428876, 0.04137600176036358, 0.0414350682567503, 0.04134250504745019, 0.04116830137633794, 0.04120694508121626, 0.0411541711337663, 0.04125611790632074, 0.041174242358554054, 0.04173492896999862, 0.041014324898856716, 0.04134944212195035, 0.04114316160211692, 0.041069846695943456, 0.04107212186665148, 0.040862323610565146, 0.0409020558402345, 0.04084367667501037, 0.040830847001760394, 0.04091418980545289, 0.04077019268093077, 0.04067567305488361, 0.04074972206474962, 0.0406516921630985, 0.04092033971101046, 0.04069815578090178, 0.040947080992564965, 0.04088486639933812, 0.040780761777549177, 0.040976970803898734, 0.04069015002633269, 0.0405934738398001, 0.0407219557041252], "epochs": [0, 1, 2, 3, 4, 5, 6, 7, 8, 9, 10, 11, 12, 13, 14, 15, 16, 17, 18, 19, 20, 21, 22, 23, 24, 25, 26, 27, 28, 29, 30, 31, 32, 33, 34, 35, 36, 37, 38, 39, 40, 41, 42, 43, 44, 45, 46, 47, 48, 49, 50, 51, 52, 53, 54, 55, 56, 57, 58, 59, 60, 61, 62, 63, 64, 65, 66, 67, 68, 69, 70, 71, 72, 73, 74, 75, 76, 77, 78, 79, 80, 81, 82, 83, 84, 85, 86, 87, 88, 89, 90, 91, 92, 93, 94, 95, 96, 97, 98, 99]}