{
    "MAE": 0.15757258236408234,
    "MSE": 0.042219385504722595,
    "RMSE": 0.20547356400452735,
    "R2": 0.5064560770988464
}