{
    "MAE": 0.15412163734436035,
    "MSE": 0.04059514403343201,
    "RMSE": 0.2014823665570563,
    "R2": 0.5084179043769836
}