{
    "val_r2": 0.5084179043769836,
    "test_r2": 0.5064560770988464,
    "best_mse": 0.0009728203462731237,
    "best_rmse": 0.031190068070992144
}