{
    "radius": 1.0696437358856201,
    "height": 1.6466143131256104,
    "twist_amp": 1.252037763595581,
    "twist_freq": 2.9698140621185303,
    "wave_amp": 0.4378752112388611,
    "wave_freq": 2.8727378845214844,
    "best_mse": 0.0009728203462731237,
    "best_rmse": 0.031190068070992144,
    "camera_angles": {
        "x_angle": 31.479218227321752,
        "y_angle": 247.04933222412276,
        "z_angle": 121.11991997002787
    },
    "image_file": "3DfORMULA_116_vers2.png"
}