{
    "radius": 0.9595211744308472,
    "height": 2.108010768890381,
    "twist_amp": 1.284897804260254,
    "twist_freq": 3.0915422439575195,
    "wave_amp": 0.2670418918132782,
    "wave_freq": 2.0688741207122803,
    "worst_mse": 1.0992075315382974,
    "worst_rmse": 1.0484309855866991,
    "camera_angles": {
        "x_angle": 53.3247994955526,
        "y_angle": 37.93407224893391,
        "z_angle": 186.65978404188147
    },
    "image_file": "3DfORMULA_62_vers0.png"
}