{
    "radius": 0.6896346211433411,
    "height": 2.723342180252075,
    "twist_amp": 0.9092097282409668,
    "twist_freq": 1.4384468793869019,
    "wave_amp": 0.18023286759853363,
    "wave_freq": 3.8852381706237793,
    "worst_mse": 1.7468818287341061,
    "worst_rmse": 1.3216965721125655,
    "camera_angles": {
        "x_angle": 35.19426156220415,
        "y_angle": 239.14037848234042,
        "z_angle": 138.9254332617514
    },
    "image_file": "3DfORMULA_11_vers4.png"
}