{
    "radius": 1.2158732414245605,
    "height": 1.3305282592773438,
    "twist_amp": 1.64534330368042,
    "twist_freq": 3.785576581954956,
    "wave_amp": 0.27559173107147217,
    "wave_freq": 1.5537985563278198,
    "best_mse": 0.002955337931348032,
    "best_rmse": 0.05436301988804551,
    "camera_angles": {
        "x_angle": 35.166103442813494,
        "y_angle": 111.25341209944051,
        "z_angle": 233.2772995769419
    },
    "image_file": "3DfORMULA_179_vers2.png"
}