{
    "radius": 0.7017390727996826,
    "height": 2.470787763595581,
    "twist_amp": 0.8049067854881287,
    "twist_freq": 1.2766788005828857,
    "wave_amp": 0.2042083591222763,
    "wave_freq": 3.7144179344177246,
    "worst_mse": 1.9092167849718162,
    "worst_rmse": 1.381744109801745,
    "camera_angles": {
        "x_angle": 35.19426156220415,
        "y_angle": 239.14037848234042,
        "z_angle": 138.9254332617514
    },
    "image_file": "3DfORMULA_11_vers4.png"
}