{
    "radius": 1.3525258302688599,
    "height": 2.049405097961426,
    "twist_amp": 1.2781965732574463,
    "twist_freq": 3.0190670490264893,
    "wave_amp": 0.32011112570762634,
    "wave_freq": 2.931243896484375,
    "best_mse": 0.003748035088324624,
    "best_rmse": 0.061221198030785254,
    "camera_angles": {
        "x_angle": 37.2924634244936,
        "y_angle": 205.25581948423093,
        "z_angle": 70.68527858120562
    },
    "image_file": "3DfORMULA_100_vers3.png"
}